company,location,industry,total_laid_off,percentage_laid_off,date,stage,country,funds_raised
F-Secure,Helsinki,Security,70,,2023-10-25,Post-IPO,Finland,
#Paid,Toronto,Marketing,19,0.17,2023-01-27,"Series B",Canada,21.0
"1K Kirana",Gurugram,Retail,600,0.4,2023-04-04,"Series B",India,
23andMe,"SF Bay Area",Healthcare,71,0.11,2023-08-08,Post-IPO,"United States",1100.0
23andMe,"SF Bay Area",Healthcare,75,0.09,2023-06-09,Post-IPO,"United States",1100.0
23andMe,"SF Bay Area",Healthcare,200,0.4,2024-11-11,Post-IPO,"United States",1100.0
7shifts,Saskatoon,Food,30,0.07,2023-09-15,"Series C",Canada,131.0
7Shifts,Saskatoon,Food,68,0.19,2024-01-11,"Series C",Canada,131.0
8x8,"SF Bay Area",Support,155,0.07,2023-01-18,Post-IPO,"United States",253.0
Aakash,"New Delhi",Education,80,,2024-09-18,Acquired,India,
ABBYY,Nicosia,Data,200,,2024-10-01,Unknown,Cyprus,6.0
Absci,Portland,Healthcare,30,0.15,2023-09-05,Post-IPO,"United States",238.0
"Absolute Software",Vancouver,Security,40,0.05,2023-04-06,Post-IPO,Canada,
ActiveFence,"New York City",Security,22,0.07,2025-03-13,"Series B","United States",100.0
Acxiom,"Little Rock",Marketing,130,0.03,2025-03-19,Post-IPO,"United States",
Adda247,Gurugram,Education,300,,2023-10-14,"Series B",India,61.0
Addepar,"SF Bay Area",Finance,20,0.03,2023-01-18,"Series F","United States",491.0
Adjust,Berlin,Marketing,304,,2024-11-22,Acquired,Germany,256.0
AEye,"SF Bay Area",Transportation,46,0.33,2023-03-28,Post-IPO,"United States",314.0
Affirm,Pittsburgh,Finance,60,,2024-02-21,Post-IPO,"United States",1500.0
Affirm,"SF Bay Area",Finance,500,0.19,2023-02-08,Post-IPO,"United States",1500.0
AgentSync,Denver,Finance,67,0.24,2023-07-19,"Series B","United States",111.0
Airbnb,"SF Bay Area",Travel,30,,2023-03-03,Post-IPO,"United States",6400.0
Airmeet,Bengaluru,Marketing,75,0.3,2023-05-25,"Series B",India,50.0
Airtable,"SF Bay Area",Product,237,0.27,2023-09-14,"Series F","United States",1400.0
Airtasker,Sydney,Retail,45,0.2,2023-04-27,"Series C",Australia,26.0
Akamai,Boston,Security,250,0.02,2024-11-07,Post-IPO,"United States",35.0
Akamai,Boston,Security,290,0.03,2023-05-09,Post-IPO,"United States",35.0
"Akili Labs",Boston,Healthcare,46,0.3,2023-01-12,Post-IPO,"United States",301.0
Akseleran,Jakarta,Finance,60,,2023-07-27,"Series A",Indonesia,9.0
"Aleph Farms","Tel Aviv",Food,30,0.3,2024-06-05,Unknown,Israel,119.0
Alerzo,Ibadan,Retail,100,,2023-11-21,"Series B",Nigeria,16.0
Alerzo,Ibadan,Retail,400,,2023-03-06,"Series B",Nigeria,16.0
AlphaSense,"New York City",Other,150,0.08,2024-11-27,"Series F","United States",1400.0
Alteryx,"Los Angeles",Data,320,0.11,2023-04-27,Post-IPO,"United States",613.0
Altruist,"SF Bay Area",Finance,37,0.1,2025-01-07,"Series E","United States",449.0
Amazon,Seattle,Retail,30,,2024-01-18,Post-IPO,"United States",108.0
Amazon,Seattle,Retail,80,,2023-07-13,Post-IPO,"United States",108.0
Amazon,Seattle,Retail,180,,2023-11-13,Post-IPO,"United States",108.0
Amazon,Seattle,Retail,400,,2024-02-06,Post-IPO,"United States",108.0
Amazon,Seattle,Retail,8000,0.02,2023-01-04,Post-IPO,"United States",108.0
Amazon,Seattle,Retail,9000,,2023-03-20,Post-IPO,"United States",108.0
"Ambev Tech",Blumenau,Food,50,,2023-03-02,Acquired,Brazil,
AMD,"SF Bay Area",Hardware,1000,0.04,2024-11-13,Post-IPO,"United States",
Amdocs,"St. Louis",Support,700,0.03,2023-01-02,Post-IPO,"United States",
Amdocs,"St. Louis",Support,2000,0.06,2023-07-06,Post-IPO,"United States",
"American Robotics",Boston,Other,50,0.65,2023-01-17,Acquired,"United States",92.0
Amount,Chicago,Finance,130,0.25,2023-02-27,Unknown,"United States",283.0
Amperity,Seattle,Marketing,20,,2024-01-25,"Series D","United States",187.0
Amplitude,"SF Bay Area",Data,99,0.13,2023-04-05,Post-IPO,"United States",311.0
"Analog Devices","SF Bay Area",Manufacturing,111,,2023-12-13,Post-IPO,"United States",
Anaplan,"SF Bay Area",Other,300,,2023-06-21,Acquired,"United States",300.0
Ancestry,Lehi,Consumer,81,0.06,2024-03-14,Post-IPO,"United States",33.0
"Anchorage Digital","SF Bay Area",Crypto,75,0.2,2023-03-14,"Series D","United States",487.0
Andgo,Saskatoon,HR,9,,2023-09-29,"Series A",Canada,5.0
AppFolio,"Santa Barbara","Real Estate",62,,2023-05-22,Post-IPO,"United States",30.0
AppFolio,"Santa Barbara","Real Estate",149,0.09,2023-08-17,Post-IPO,"United States",30.0
Appgate,Miami,Security,34,0.08,2023-02-01,Post-IPO,"United States",
Apple,"SF Bay Area",Hardware,100,,2024-08-27,Post-IPO,"United States",1200.0
Apple,"SF Bay Area",Hardware,614,,2024-04-04,Post-IPO,"United States",1200.0
AppLovin,"SF Bay Area",Marketing,61,,2024-08-15,Post-IPO,"United States",1600.0
AppLovin,"SF Bay Area",Marketing,120,,2024-11-13,Post-IPO,"United States",1600.0
AppsFlyer,"SF Bay Area",Data,100,0.07,2025-02-04,Unknown,"United States",293.0
Appsmith,"SF Bay Area",IT,35,0.25,2023-09-22,"Series B","United States",51.0
Aptiv,Krakow,Transportation,250,,2024-02-20,Post-IPO,Poland,8.0
"Aqua Security",Boston,Security,50,0.1,2024-07-17,"Series E","United States",325.0
Archipelago,"SF Bay Area","Real Estate",40,0.3,2023-08-01,"Series B","United States",57.0
"Arkane Studios",Austin,Consumer,96,1.0,2024-05-08,Unknown,"United States",
"Arm Holdings",Shanghai,Hardware,70,,2023-12-18,Post-IPO,China,
Arrival,London,Transportation,800,0.5,2023-01-30,Post-IPO,"United Kingdom",629.0
Articulate,"New York City",Education,38,,2023-02-02,"Series A","United States",1500.0
Artsy,"New York City",Retail,35,0.15,2023-06-29,"Series D","United States",100.0
Asana,"SF Bay Area",Other,100,,2025-02-04,Post-IPO,"United States",453.0
Aspiration,"Los Angeles",Finance,170,,2023-03-24,Unknown,"United States",250.0
Assurance,Seattle,Finance,112,1.0,2024-05-01,Acquired,"United States",
Astronomer,Cincinnati,Data,76,0.2,2023-01-04,"Series C","United States",282.0
Astronomer,Cincinnati,Data,100,0.4,2023-04-13,"Series C","United States",282.0
At-Bay,"SF Bay Area",Security,27,0.09,2023-09-12,Unknown,"United States",296.0
Atera,"Tel Aviv",Other,20,0.06,2024-11-03,"Series B",Israel,102.0
Athennian,Calgary,Legal,30,,2023-07-05,"Series B",Canada,47.0
Atlas,Chicago,HR,150,0.3,2023-08-23,"Series B","United States",220.0
Atlassian,Sydney,Other,500,0.05,2023-03-06,Post-IPO,Australia,210.0
Atmosphere,Austin,Other,100,,2024-05-15,"Series D","United States",214.0
AU10TIX,"Tel Aviv",Security,19,0.09,2023-01-31,Unknown,Israel,80.0
Audible,"New York City",Media,100,0.05,2024-01-11,Acquired,"United States",14.0
AudioCodes,"Tel Aviv",Other,80,0.06,2023-05-09,Post-IPO,Israel,91.0
AudioCodes,"Tel Aviv",Other,80,0.06,2023-07-13,Post-IPO,Israel,91.0
Augury,"New York City",Manufacturing,20,0.05,2023-01-04,"Series E","United States",274.0
Augury,"New York City",Manufacturing,70,0.18,2023-08-02,"Series E","United States",274.0
"Aurora Solar","SF Bay Area",Energy,58,,2025-01-16,"Series D","United States",523.0
"Aurora Solar","SF Bay Area",Energy,111,0.2,2024-01-30,"Series D","United States",523.0
Autodesk,"SF Bay Area",Other,250,0.02,2023-02-02,Post-IPO,"United States",
Autodesk,"SF Bay Area",Other,1350,0.09,2025-02-27,Post-IPO,"United States",
Autograph,"Los Angeles",Crypto,30,0.33,2023-05-04,"Series B","United States",205.0
AvantStay,"Los Angeles",Travel,37,,2023-06-20,"Private Equity","United States",686.0
Avaya,Durham,Other,180,0.03,2024-08-01,Post-IPO,"United States",700.0
Avidbots,Kitchener,Hardware,50,0.14,2023-03-14,"Series C",Canada,106.0
Avocargo,Berlin,Transportation,16,1.0,2023-04-06,Seed,Germany,
Away,"New York City",Retail,22,0.08,2023-05-31,"Series D","United States",181.0
"Axios Media","Washington D.C.",Media,50,0.1,2024-08-06,Acquired,"United States",57.0
"Babylon Health",London,Healthcare,94,,2023-08-09,Post-IPO,"United Kingdom",1200.0
Bakkt,Atlanta,Crypto,28,,2024-05-03,Post-IPO,"United States",932.0
Bandcamp,"SF Bay Area",Other,58,0.5,2023-10-16,Acquired,"United States",
Bardee,Melbourne,Food,30,,2023-08-03,Seed,Australia,5.0
Bark,"New York City",Retail,126,0.12,2023-02-09,Post-IPO,"United States",
"Basis Technologies",Chicago,Marketing,40,0.04,2023-02-21,"Series B","United States",52.0
"Beam Benefits",Columbus,Healthcare,31,0.08,2023-02-08,"Series E","United States",168.0
"Beam Benefits",Columbus,Healthcare,74,,2024-01-10,"Series E","United States",168.0
BeepKart,Bengaluru,Retail,130,0.4,2024-10-08,"Series A",India,19.0
Bench,Vancouver,Finance,450,1.0,2024-12-27,"Series C",Canada,109.0
Benchling,"SF Bay Area",Other,74,0.09,2023-04-21,"Series F","United States",411.0
BenchSci,Toronto,Healthcare,70,0.17,2024-01-08,"Series D",Canada,164.0
Benevity,Calgary,Other,137,0.14,2023-01-18,Unknown,Canada,69.0
BenevolentAI,London,Healthcare,180,,2023-05-25,"Private Equity","United Kingdom",292.0
"Better Collective",Copenhagen,Other,300,,2024-11-14,Unknown,Denmark,
Betterment,"New York City",Finance,28,,2023-02-15,"Series F","United States",435.0
BetterUp,"SF Bay Area",HR,100,0.16,2023-08-02,"Series E","United States",567.0
"Beyond Meat","Los Angeles",Food,65,0.08,2023-11-02,Post-IPO,"United States",122.0
BharatAgri,Mumbai,Food,40,0.43,2023-01-15,"Series A",India,21.0
BigPanda,"SF Bay Area",Infrastructure,40,0.13,2023-04-24,"Series E","United States",337.0
BillGO,"Fort Collins",Finance,80,,2024-02-05,"Series B","United States",119.0
Binance,"Cayman Islands",Crypto,1000,,2023-07-14,Unknown,"Cayman Islands",
Binance.US,"SF Bay Area",Crypto,100,0.33,2023-09-12,Subsidiary,"United States",
Biofourmis,Boston,Healthcare,120,,2023-08-31,"Series D","United States",464.0
"Bishop Fox",Phoenix,Security,50,0.13,2023-05-02,"Series B","United States",146.0
BitSight,"Tel Aviv",Security,40,,2023-02-26,Unknown,Israel,401.0
BitTorrent,"SF Bay Area",Infrastructure,92,,2023-01-20,Acquired,"United States",
Bittrex,Seattle,Crypto,80,,2023-02-02,Unknown,"United States",
Bitwise,"SF Bay Area",Crypto,900,1.0,2023-06-14,"Series B","United States",84.0
Bizongo,Mumbai,Retail,50,,2023-10-05,"Series E",India,315.0
"Black Shark",Shenzen,Hardware,900,,2023-01-13,Unknown,China,
Blackbaud,Charleston,Other,500,0.14,2023-02-14,Post-IPO,"United States",
BlackLine,"Los Angeles",Finance,95,0.05,2023-08-23,Post-IPO,"United States",220.0
Blend,"SF Bay Area",Finance,150,0.19,2023-08-09,Post-IPO,"United States",665.0
Blend,"SF Bay Area",Finance,340,0.28,2023-01-10,Post-IPO,"United States",665.0
BlissClub,Bengaluru,Retail,21,0.18,2024-02-09,"Series A",India,20.0
Block,"SF Bay Area",Finance,1000,0.1,2024-01-30,Post-IPO,"United States",150.0
Blockchain.com,London,Crypto,110,0.28,2023-01-12,"Series D","United Kingdom",490.0
"Blue Nile",Seattle,Retail,119,,2023-03-28,Acquired,"United States",62.0
"Blue Origin",Seattle,Aerospace,40,,2023-10-09,Unknown,"United States",167.0
"Blue Origin",Seattle,Aerospace,1000,0.1,2025-02-13,Unknown,"United States",167.0
Bluevine,"Tel Aviv",Finance,100,0.18,2024-12-10,Unknown,Israel,769.0
Bolt,Lagos,Transportation,17,,2023-02-21,"Series F",Nigeria,
Bolt,"SF Bay Area",Finance,50,0.1,2023-01-24,"Series E","United States",1300.0
Bolt.Earth,Bengaluru,Energy,70,0.4,2024-04-06,"Series B",India,24.0
Bonterra,Austin,Other,140,0.1,2023-01-13,Unknown,"United States",
"Booking Holdings",Norwalk,Travel,60,,2024-12-04,Post-IPO,"United States",2800.0
Booktopia,Sydney,Retail,30,,2023-01-23,"Series A",Australia,23.0
Boost,"New York City",Finance,15,0.2,2023-04-04,"Series B","United States",37.0
Bounce,Bengaluru,Transportation,40,0.05,2023-01-06,"Series D",India,214.0
Boxed,"New York City",Retail,32,0.25,2023-03-15,Post-IPO,"United States",365.0
Branch,Columbus,Finance,85,,2024-01-09,"Series C","United States",229.0
Branch,Columbus,Finance,186,,2023-06-08,"Series C","United States",229.0
Branch.io,"SF Bay Area",Marketing,100,,2024-08-09,"Series F","United States",667.0
Brave,"SF Bay Area",Consumer,27,0.14,2024-08-28,"Series B","United States",42.0
Brex,"SF Bay Area",Finance,282,0.2,2024-01-23,"Series D","United States",1500.0
Brightcove,Boston,Marketing,70,0.1,2023-05-03,Post-IPO,"United States",145.0
Brightcove,Boston,Marketing,198,0.33,2025-03-19,Acquired,"United States",145.0
Britishvolt,London,Transportation,206,1.0,2023-01-17,Unknown,"United Kingdom",2400.0
Bullhorn,Boston,Sales,140,0.09,2023-10-19,Acquired,"United States",32.0
Bumble,Austin,Consumer,350,0.3,2024-02-27,Post-IPO,"United States",313.0
Bungie,Seattle,Consumer,220,0.17,2024-07-31,Acquired,"United States",100.0
BuzzFeed,"New York City",Media,180,0.15,2023-04-20,Post-IPO,"United States",696.0
Byju's,Bengaluru,Education,500,0.03,2024-04-02,"Private Equity",India,5500.0
Byju's,Bengaluru,Education,1000,,2023-06-07,"Private Equity",India,5500.0
Byju's,Bengaluru,Education,1500,,2023-02-02,"Private Equity",India,5500.0
Bytedance,Jakarta,Consumer,450,,2024-06-12,Unknown,Indonesia,9400.0
Bytedance,Jakarta,Consumer,500,,2024-10-11,Unknown,Indonesia,9400.0
Bytedance,Shanghai,Consumer,1000,,2023-11-27,Unknown,China,9400.0
C2FO,"Kansas City",Finance,16,,2024-06-18,"Series H","United States",537.0
C2FO,"Kansas City",Finance,80,0.03,2023-10-16,"Series H","United States",537.0
Cabify,Madrid,Transportation,29,,2024-05-02,Unknown,Spain,601.0
"Cake Group",Singapore,Crypto,50,0.3,2023-11-14,Unknown,Singapore,
Calendly,Atlanta,Other,60,0.1,2023-07-26,"Series B","United States",351.0
Calendly,Atlanta,Other,70,0.13,2024-12-11,"Series B","United States",351.0
Caliva,"SF Bay Area",Retail,54,,2023-08-08,"Series B","United States",75.0
Cameo,Chicago,Consumer,80,,2023-07-18,Unknown,"United States",165.0
"Candy Digital","New York City",Crypto,30,,2023-06-29,"Series A","United States",138.0
Canoo,"Los Angeles",Transportation,20,,2024-12-11,Post-IPO,"United States",300.0
"Capital One","Washington D.C.",Finance,1100,,2023-01-19,Post-IPO,"United States",
"Captain Fresh",Bengaluru,Food,120,,2023-01-15,"Series C",India,126.0
Captiv8,"SF Bay Area",Marketing,8,0.03,2023-08-24,Unknown,"United States",4.0
"Carbon Health","SF Bay Area",Healthcare,56,,2024-02-23,"Series D","United States",522.0
"Carbon Health","SF Bay Area",Healthcare,114,0.05,2023-10-09,"Series D","United States",522.0
"Carbon Health","SF Bay Area",Healthcare,200,,2023-01-06,"Series D","United States",522.0
Care/of,"New York City",Healthcare,143,1.0,2024-06-15,Acquired,"United States",83.0
"Career Karma","SF Bay Area",Education,22,,2023-01-12,"Series B","United States",51.0
"CareerBuilder + Monster",Chicago,Recruiting,200,0.15,2024-10-10,Acquired,"United States",
CareRev,"Los Angeles",Healthcare,100,0.33,2023-06-15,"Series A","United States",51.0
Carousell,Singapore,Retail,76,0.07,2024-12-06,Unknown,Singapore,375.0
Cars24,Jakarta,Transportation,100,,2023-05-03,"Series G",Indonesia,1300.0
Cart.com,Austin,Retail,25,0.04,2023-01-10,Unknown,"United States",383.0
CarTrawler,Dublin,Transportation,40,0.1,2024-09-19,Acquired,Ireland,
"Cashfree Payments",Bengaluru,Finance,100,,2023-01-12,"Series B",India,41.0
Catch.com.au,Melbourne,Retail,100,,2023-02-06,Acquired,Australia,80.0
"Catena Media",Sliema,Marketing,29,,2024-10-23,Unknown,Malta,
Center,Seattle,Finance,8,0.04,2024-09-07,"Series C","United States",102.0
Centr,Sydney,Fitness,22,,2023-07-13,Unknown,Australia,
Cerebral,"SF Bay Area",Healthcare,285,0.15,2023-02-27,"Series C","United States",462.0
Cerner,"Kansas City",Healthcare,3000,0.11,2023-05-16,Acquired,"United States",
Chainalysis,"New York City",Crypto,44,0.05,2023-02-01,"Series F","United States",536.0
Chainalysis,"New York City",Crypto,150,0.15,2023-10-02,"Series F","United States",536.0
Character.ai,"SF Bay Area",AI,6,0.05,2024-08-29,"Series A","United States",150.0
Chargebee,"SF Bay Area",Finance,100,0.1,2023-09-11,"Series H","United States",468.0
ChargePoint,"SF Bay Area",Manufacturing,250,0.15,2024-09-04,Unknown,"United States",1400.0
Checkout.com,London,Finance,80,,2023-12-18,"Series D","United Kingdom",1800.0
Checkr,"SF Bay Area",HR,382,0.32,2024-04-09,"Series D","United States",679.0
Chegg,"SF Bay Area",Education,80,0.04,2023-06-12,Post-IPO,"United States",227.0
Chegg,"SF Bay Area",Education,319,0.21,2024-11-12,Post-IPO,"United States",227.0
Chegg,"SF Bay Area",Education,441,0.23,2024-06-17,Post-IPO,"United States",227.0
Chewy,Miami,Retail,200,,2023-11-14,Post-IPO,"United States",451.0
"Chia Network","SF Bay Area",Crypto,26,0.37,2023-10-02,"Series D","United States",70.0
Chief,"New York City",Other,43,0.14,2023-04-27,"Series B","United States",140.0
Chingari,Bengaluru,Media,48,0.2,2023-06-19,Unknown,India,88.0
"Chipper Cash","SF Bay Area",Finance,15,0.33,2023-12-11,"Series C","United States",302.0
"Chipper Cash","SF Bay Area",Finance,20,,2024-03-15,"Series C","United States",302.0
"Chipper Cash","SF Bay Area",Finance,100,0.33,2023-02-17,"Series C","United States",302.0
ChowNow,"Los Angeles",Food,60,0.2,2024-03-28,"Series C","United States",64.0
Chrono24,Karlsruhe,Retail,65,0.13,2023-01-30,"Series C",Germany,205.0
Chrono24,Karlsruhe,Retail,110,0.24,2025-01-16,"Series C",Germany,205.0
Cimpress,Paris,Retail,500,,2023-03-23,Post-IPO,France,300.0
Circle,Boston,Crypto,50,0.06,2024-12-05,"Private Equity","United States",1100.0
CircleCI,"SF Bay Area",Product,100,,2024-01-31,"Series F","United States",315.0
"Circus Kitchens",Hamburg,Food,35,,2023-05-25,Seed,Germany,12.0
Cisco,"SF Bay Area",Infrastructure,350,,2023-09-17,Post-IPO,"United States",2.0
Cisco,"SF Bay Area",Infrastructure,4250,0.05,2024-02-14,Post-IPO,"United States",2.0
Cisco,"SF Bay Area",Infrastructure,5600,0.07,2024-08-09,Post-IPO,"United States",2.0
Citizen,"New York City",Consumer,33,,2023-01-11,"Series C","United States",133.0
"Citrine Informatics","SF Bay Area",Data,22,0.27,2023-01-20,"Series C","United States",64.0
Citrix,Miami,Infrastructure,1000,0.12,2024-01-10,Acquired,"United States",20.0
"Cityblock Health","New York City",Healthcare,155,0.12,2023-06-08,"Series D","United States",891.0
CityMall,Gurugram,Retail,90,,2023-10-16,"Series C",India,112.0
Clari,"SF Bay Area",Sales,20,,2023-02-06,"Series F","United States",496.0
"Clear Capital",Reno,"Real Estate",250,0.25,2023-01-25,Unknown,"United States",
ClearCo,Toronto,Finance,50,0.3,2023-01-16,"Series C",Canada,698.0
Clearcover,Chicago,Finance,81,0.15,2023-04-17,"Series D","United States",304.0
ClickUp,"San Diego",Other,90,0.1,2023-06-28,"Series C","United States",537.0
Cloudflare,"SF Bay Area",Security,40,,2024-01-11,Post-IPO,"United States",332.0
Clue,Berlin,Healthcare,31,0.31,2023-01-18,Unknown,Germany,47.0
Clutch,Toronto,Transportation,150,,2023-01-17,Unknown,Canada,253.0
CNET,"SF Bay Area",Media,12,0.1,2023-03-02,Acquired,"United States",20.0
CodeClan,Edinburgh,Education,57,1.0,2023-08-04,Seed,"United Kingdom",
Cogito,"New Delhi",Data,177,,2023-04-29,Unknown,India,
Cohere,Toronto,AI,20,0.05,2024-07-23,"Series D",Canada,935.0
Coherent,"SF Bay Area",Manufacturing,108,,2023-03-16,Post-IPO,"United States",
Coherent,"SF Bay Area",Manufacturing,196,,2023-06-06,Post-IPO,"United States",
Coinbase,"SF Bay Area",Crypto,950,0.2,2023-01-10,Post-IPO,"United States",549.0
CoinDCX,Mumbai,Crypto,80,,2023-01-11,"Series D",India,244.0
CoinSwitch,Bengaluru,Crypto,44,,2023-08-28,"Series C",India,301.0
CoinTracker,"SF Bay Area",Crypto,19,,2023-01-28,"Series A","United States",101.0
"Collective Health","SF Bay Area",Healthcare,54,,2023-02-13,"Series F","United States",719.0
"Color Health","SF Bay Area",Healthcare,300,,2023-03-01,"Series E","United States",482.0
CommerceHub,Albany,Retail,371,0.31,2023-02-14,Acquired,"United States",
"Community Gaming","New York City",Crypto,17,0.17,2023-04-14,"Series A","United States",18.0
Confluent,"SF Bay Area",Data,221,0.08,2023-01-26,Post-IPO,"United States",455.0
ConsenSys,"New York City",Crypto,100,0.11,2023-01-10,"Series D","United States",726.0
ConsenSys,"New York City",Crypto,163,0.2,2024-10-29,"Series D","United States",726.0
Convoy,Seattle,Logistics,30,0.05,2023-06-26,"Series E","United States",1100.0
Convoy,Seattle,Logistics,500,1.0,2023-10-19,"Series E","United States",1100.0
Cookpad,Tokyo,Consumer,80,,2023-03-10,Unknown,Japan,
Copia,Nairobi,Retail,350,0.25,2023-07-26,"Series C",Kenya,103.0
Copia,Nairobi,Retail,1060,,2024-06-06,"Series C",Kenya,103.0
Cornershop,Santiago,Food,200,,2024-04-10,Acquired,Chile,32.0
Cornershop,Santiago,Food,250,0.11,2023-05-11,Acquired,Chile,31.0
"Course Hero","SF Bay Area",Education,42,0.15,2023-03-16,"Series C","United States",477.0
Coursera,"SF Bay Area",Education,150,0.1,2024-10-25,Post-IPO,"United States",458.0
CoverMyMeds,Columbus,Healthcare,800,,2023-03-29,Acquired,"United States",5.0
Cowbell,"SF Bay Area",Finance,28,0.12,2023-09-29,"Series B","United States",123.0
Criteo,Paris,Marketing,140,0.04,2024-04-12,Post-IPO,France,61.0
Crossbeam,Philadelphia,Sales,17,0.15,2023-03-30,"Series C","United States",116.0
Cruise,"SF Bay Area",Transportation,900,0.24,2023-12-14,Acquired,"United States",15000.0
Cruise,"SF Bay Area",Transportation,1000,0.5,2025-02-04,Acquired,"United States",15000.0
Crunchyroll,Tokyo,Media,85,,2023-02-21,Unknown,Japan,26.0
"CS Disco",Austin,Legal,62,0.09,2023-01-19,Post-IPO,"United States",233.0
Cue,"San Diego",Healthcare,388,,2023-01-05,Post-IPO,"United States",999.0
"Cue Health","San Diego",Healthcare,94,0.13,2024-01-05,Post-IPO,"United States",899.0
"Cue Health","San Diego",Healthcare,180,1.0,2024-05-22,Post-IPO,"United States",899.0
"Cue Health","San Diego",Healthcare,230,0.49,2024-05-03,Post-IPO,"United States",899.0
"Cue Health","San Diego",Healthcare,245,0.3,2024-02-02,Post-IPO,"United States",899.0
"Cue Health","San Diego",Healthcare,326,0.3,2023-04-28,Post-IPO,"United States",899.0
Cuemath,Bengaluru,Education,100,,2023-05-08,Unknown,India,121.0
Cuemath,Bengaluru,Education,100,,2023-08-26,Unknown,India,121.0
Cult.fit,Bengaluru,Fitness,100,,2024-01-24,"Series F",India,635.0
"Culture Amp",Melbourne,HR,90,0.09,2023-04-18,"Series F",Australia,257.0
Cure.fit,Bengaluru,Fitness,120,,2024-01-23,"Series F",India,625.0
Cypress.io,Atlanta,Product,11,,2024-06-14,"Series B","United States",54.0
Cyren,"Washington D.C.",Security,121,,2023-02-01,Post-IPO,"United States",161.0
D-ID,"Tel Aviv",AI,22,0.25,2025-03-10,"Series B",Israel,48.0
"Dapper Labs",Vancouver,Crypto,51,,2023-07-12,Unknown,Canada,
Dataminr,"New York City",AI,150,0.2,2023-11-28,"Series F","United States",1100.0
Deadspin,"New York City",Media,11,1.0,2024-03-11,Acquired,"United States",
DealShare,Bengaluru,Retail,100,0.06,2023-01-27,"Series E",India,390.0
DealShare,Bengaluru,Retail,130,,2023-09-21,"Series E",India,390.0
Dealtale,"Tel Aviv",Sales,70,1.0,2023-08-09,Acquired,"United States",2.0
"Deep Instict","New York City",Security,46,0.15,2023-07-25,Unknown,"United States",322.0
Deepgram,"SF Bay Area",AI,20,0.2,2023-10-11,"Series B","United States",86.0
DeepVerge,Dublin,Healthcare,50,1.0,2023-07-12,Post-IPO,Ireland,20.0
Deepwatch,"Tampa Bay",Security,30,0.07,2023-07-13,"Series C","United States",256.0
"Definitive Healthcare",Boston,Healthcare,55,0.06,2023-01-12,Post-IPO,"United States",
Deliveroo,London,Food,350,0.09,2023-02-09,Post-IPO,"United Kingdom",1700.0
"Delivery Hero",Berlin,Food,156,0.04,2023-01-30,Post-IPO,Germany,9900.0
"Delivery Hero",Berlin,Food,200,,2024-07-31,Post-IPO,Germany,9900.0
Dell,Austin,Hardware,6000,0.05,2024-03-25,Post-IPO,"United States",
Dell,Austin,Hardware,6650,0.05,2023-02-06,Post-IPO,"United States",
Detectify,Stockholm,Security,30,,2023-08-18,Unknown,Sweden,42.0
"DHI Group","New York City",Recruiting,53,0.1,2023-05-26,Post-IPO,"United States",
Digimarc,Portland,Other,90,0.4,2025-02-27,Post-IPO,"United States",105.0
"Digital River",Minneapolis,Retail,122,,2025-01-28,"Private Equity","United States",50.0
DigitalOcean,"New York City",Infrastructure,200,0.11,2023-02-15,Post-IPO,"United States",491.0
Discord,"SF Bay Area",Consumer,37,0.04,2023-08-03,"Series H","United States",995.0
Discord,"SF Bay Area",Consumer,170,0.17,2024-01-11,"Series H","United States",995.0
DispatchHealth,Denver,Healthcare,88,,2024-01-29,"Series E","United States",733.0
"Divvy Homes","SF Bay Area","Real Estate",94,,2023-09-11,"Series B","United States",180.0
DocuSign,"SF Bay Area",Sales,440,0.06,2024-02-06,Post-IPO,"United States",536.0
DocuSign,"SF Bay Area",Sales,680,0.1,2023-02-16,Post-IPO,"United States",536.0
Domestika,Madrid,Education,89,0.45,2023-03-31,"Series D",Spain,130.0
Doximity,"SF Bay Area",Healthcare,100,0.1,2023-08-08,Post-IPO,"United States",82.0
Dozee,Bengaluru,Healthcare,40,,2024-09-02,"Series A",India,26.0
DraftKings,Boston,Consumer,140,0.04,2023-02-01,Post-IPO,"United States",719.0
Dragos,Baltimore,Security,50,0.09,2023-06-06,"Series D","United States",364.0
Drata,"San Diego",Security,40,0.09,2024-09-26,"Series C","United States",328.0
Drift,Boston,Marketing,59,,2023-02-06,Acquired,"United States",107.0
Drift,Boston,Marketing,100,0.25,2023-09-07,Acquired,"United States",107.0
"Drip Capital","SF Bay Area",Finance,75,0.2,2023-04-14,"Series C","United States",85.0
Drizly,Boston,Retail,100,,2023-03-29,Acquired,"United States",119.0
Drizly,Boston,Retail,168,1.0,2024-02-05,Acquired,"United States",119.0
Dropbox,"SF Bay Area",Other,500,0.16,2023-04-27,Post-IPO,"United States",1700.0
Dropbox,"SF Bay Area",Other,527,0.2,2024-10-30,Post-IPO,"United States",1700.0
Dropp,Berlin,Retail,60,1.0,2023-02-14,Unknown,Germany,2.0
Dukaan,Bengaluru,Retail,56,0.3,2023-03-15,"Series A",India,17.0
Dunzo,Bengaluru,Food,150,0.3,2023-09-26,Unknown,India,458.0
Dunzo,Bengaluru,Food,150,0.75,2024-08-31,Unknown,India,458.0
Dunzo,Bengaluru,Food,300,0.3,2023-04-05,Unknown,India,382.0
Earnix,"Tel Aviv",Finance,30,0.1,2023-05-04,Unknown,Israel,100.0
Easee,Sandnes,Energy,200,0.57,2023-08-14,Unknown,Norway,
"Eat Just","SF Bay Area",Food,40,,2023-02-24,Unknown,"United States",465.0
"Eat Just","SF Bay Area",Food,40,,2023-09-22,Unknown,"United States",465.0
Eaze,"SF Bay Area",Consumer,500,1.0,2024-10-07,"Series D","United States",202.0
eBay,"SF Bay Area",Retail,500,0.04,2023-02-07,Post-IPO,"United States",1200.0
eBay,"SF Bay Area",Retail,1000,0.09,2024-01-23,Post-IPO,"United States",1200.0
eBay,"Tel Aviv",Retail,20,,2023-12-17,Post-IPO,"United States",1200.0
eBay,"Tel Aviv",Retail,20,,2025-02-26,Post-IPO,Israel,1200.0
Edgio,Phoenix,Infrastructure,80,0.1,2024-03-04,Post-IPO,"United States",462.0
Edgio,Phoenix,Infrastructure,134,0.12,2023-06-06,Post-IPO,"United States",462.0
Edifecs,Seattle,Healthcare,30,,2023-01-20,Unknown,"United States",1.0
"Eightfold AI","SF Bay Area",HR,90,0.15,2023-02-03,"Series E","United States",396.0
Electric,"New York City",Other,141,0.25,2023-02-13,"Series D","United States",212.0
"Electronic Arts","Baton Rouge",Consumer,200,,2023-02-28,Post-IPO,"United States",2.0
"Electronic Arts","SF Bay Area",Consumer,670,0.05,2024-02-28,Post-IPO,"United States",2.0
"Electronic Arts","SF Bay Area",Consumer,780,0.06,2023-03-29,Post-IPO,"United States",2.0
"Embark Trucks","SF Bay Area",Transportation,230,0.7,2023-03-03,Post-IPO,"United States",317.0
"Embark Vet",Boston,Healthcare,28,,2023-04-28,"Series B","United States",94.0
"Embark Vet",Boston,Healthcare,41,,2023-01-11,"Series B","United States",94.0
"Emma Sleep",Frankfurt,Retail,200,0.18,2024-06-19,Acquired,Germany,
"EMX Digital","New York City",Marketing,100,1.0,2023-02-13,Unknown,"United States",
Enjoei,"Sao Paulo",Retail,31,0.1,2023-01-20,Unknown,Brazil,14.0
Enovix,"SF Bay Area",Energy,170,0.33,2024-05-06,Post-IPO,"United States",516.0
Enovix,"SF Bay Area",Energy,185,,2023-10-05,Post-IPO,"United States",516.0
"Enphase Energy","SF Bay Area",Energy,350,0.1,2023-12-18,Post-IPO,"United States",116.0
"Enphase Energy","SF Bay Area",Energy,500,0.17,2024-11-11,Post-IPO,"United States",116.0
"Epic Games",Raleigh,Consumer,870,0.16,2023-09-28,Unknown,"United States",6400.0
Equitybee,"SF Bay Area",Finance,24,0.25,2023-02-08,"Series B","United States",85.0
Ericsson,Stockholm,Other,8500,0.08,2023-02-24,Post-IPO,Sweden,663.0
Ermetic,"SF Bay Area",Security,30,0.17,2023-01-23,"Series B","United States",97.0
Eroad,Auckland,Transportation,200,0.31,2023-07-28,Unknown,"New Zealand",46.0
"Ethos Life","SF Bay Area",Finance,50,,2023-02-21,"Series D","United States",406.0
Etsy,"New York City",Retail,225,0.11,2023-12-13,Post-IPO,"United States",97.0
Eurora,Tallinn,Other,111,,2023-09-11,"Series A",Estonia,42.0
Eventbrite,"SF Bay Area",Consumer,80,0.08,2023-02-28,Post-IPO,"United States",557.0
Eventbrite,"SF Bay Area",Consumer,100,0.11,2024-08-07,Post-IPO,"United States",557.0
EverC,"Tel Aviv",Security,16,0.1,2024-07-17,Unknown,Israel,61.0
Everlane,"SF Bay Area",Retail,30,0.17,2023-01-05,Unknown,"United States",176.0
Evernote,"SF Bay Area",Consumer,129,,2023-02-17,Acquired,"United States",290.0
Everquote,Evansville,Finance,100,,2023-07-11,Post-IPO,"United States",53.0
EVgo,"Los Angeles",Transportation,40,,2023-02-23,Post-IPO,"United States",400.0
Evolve,Denver,Travel,164,0.14,2023-05-29,"Series F","United States",224.0
Evolve,Denver,Travel,175,0.2,2023-09-12,"Series F","United States",224.0
Examedi,Santiago,Healthcare,45,0.25,2023-04-11,Unknown,Chile,19.0
Exotel,Bengaluru,Support,142,0.15,2023-01-17,"Series D",India,87.0
Expedia,Seattle,Travel,100,,2023-10-17,Post-IPO,"United States",3300.0
Expedia,Seattle,Travel,1500,0.08,2024-02-26,Post-IPO,"United States",3300.0
Expel,"Washington D.C.",Security,60,0.1,2023-06-09,"Series E","United States",288.0
Exterro,Portland,Legal,24,0.03,2023-02-01,"Private Equity","United States",100.0
Extramarks,Noida,Education,300,,2023-04-26,Unknown,India,
Ezoic,"San Diego",Infrastructure,10,,2023-02-28,"Series A","United States",39.0
F5,Seattle,Security,100,0.02,2024-10-29,Post-IPO,"United States",
F5,Seattle,Security,120,0.02,2023-11-03,Post-IPO,"United States",
F5,Seattle,Security,623,0.09,2023-04-19,Post-IPO,"United States",
Fable,Toronto,Other,13,0.09,2023-07-31,"Series A",Canada,12.0
Fabric,"New York City",Logistics,30,0.15,2024-04-11,"Series C","United States",336.0
Factorial,Barcelona,HR,20,,2023-07-13,"Series C",Spain,220.0
Faire,"SF Bay Area",Retail,250,0.2,2023-11-01,"Series G","United States",1700.0
FamPay,Bengaluru,Finance,18,,2023-08-02,"Series A",India,42.0
FanClash,Gurugram,Consumer,100,0.75,2023-03-30,"Series B",India,50.0
FarEye,"New Delhi",Logistics,90,,2023-02-03,"Series E",India,150.0
Farfetch,London,Retail,2000,0.25,2024-02-16,Acquired,"United Kingdom",1700.0
"Fate Therapeutics","San Diego",Healthcare,315,0.5700000000000001,2023-01-09,Post-IPO,"United States",1200.0
Fetch,Madison,Retail,100,0.1,2023-03-14,"Series E","United States",581.0
Fi.Money,Bengaluru,Finance,30,0.1,2023-09-27,"Series C",India,137.0
Figure,"SF Bay Area",Crypto,90,0.2,2023-07-26,Unknown,"United States",1500.0
Finder,Sydney,Retail,40,,2023-04-04,Unknown,Australia,30.0
Finder,Sydney,Retail,60,0.17,2024-02-21,Unknown,Australia,30.0
Fireblocks,"New York City",Crypto,20,0.03,2024-02-07,"Series E","United States",1000.0
Fireblocks,"New York City",Crypto,30,0.05,2023-02-20,"Series E","United States",1000.0
"First Mode",Seattle,Transportation,48,0.2,2024-01-16,Acquired,"United States",9.0
Fittr,Pune,Fitness,30,0.11,2023-03-02,"Series A",India,13.0
Five9,"SF Bay Area",Support,190,0.07,2024-08-20,Post-IPO,"United States",862.0
"Flatiron Health","New York City",Healthcare,39,,2023-06-07,Acquired,"United States",324.0
Flex,"SF Bay Area",Manufacturing,31,,2023-12-13,Unknown,"United States",
FlexCar,Boston,Transportation,20,,2023-08-16,Unknown,"United States",297.0
Flexe,Seattle,Logistics,99,0.38,2024-01-08,"Series D","United States",263.0
Flexe,Seattle,Logistics,131,0.33,2023-09-26,"Series D","United States",263.0
Flexport,"SF Bay Area",Logistics,640,0.2,2023-01-11,"Series E","United States",2400.0
FlightStats,Portland,Travel,73,,2024-05-30,Acquired,"United States",3.0
Flink,Berlin,Food,100,0.16,2023-05-24,"Series B",Germany,1000.0
Flink,Berlin,Food,8000,0.4,2023-04-24,"Series B",Germany,1000.0
Flipkart,Bengaluru,Retail,1100,0.05,2024-01-08,Acquired,India,12900.0
"Flock Freight","San Diego",Logistics,45,0.08,2023-04-10,"Series D","United States",399.0
"Flock Freight","San Diego",Logistics,54,,2024-03-16,"Series D","United States",399.0
Flutterwave,"SF Bay Area",Finance,30,0.03,2024-06-24,Unknown,"United States",509.0
Fly.io,Chicago,Infrastructure,40,,2024-09-04,"Series C","United States",110.0
Flywire,Boston,Finance,125,,2025-02-26,"Series E","United States",263.0
FNZ,London,Finance,1000,0.15,2023-07-06,"Private Equity","United Kingdom",1400.0
ForeScout,"Tel Aviv",Security,40,,2023-09-06,Acquired,"United States",125.0
ForeScout,"Tel Aviv",Security,100,0.1,2023-01-10,Acquired,"United States",125.0
ForgeRock,"SF Bay Area",Other,109,,2023-12-13,Acquired,"United States",234.0
Forward,"SF Bay Area",Healthcare,200,1.0,2024-11-12,"Series E","United States",325.0
"Foundation Medicine",Boston,Healthcare,135,,2023-04-04,Acquired,"United States",96.0
Foundry,Rochester,Crypto,74,0.27,2024-12-11,Subsidiary,"United States",
Foursquare,"New York City",Marketing,105,0.25,2024-05-23,"Series G","United States",390.0
Freenome,"SF Bay Area",Healthcare,100,0.2,2024-04-23,"Series E","United States",1400.0
Freightos,Miami,Logistics,50,0.13,2023-07-12,Post-IPO,"United States",118.0
FreightWaves,Chattanooga,Logistics,16,,2024-09-24,"Private Equity","United States",92.0
FreshBooks,Toronto,Finance,80,0.1,2023-03-21,Unknown,Canada,331.0
FreshBooks,Toronto,Finance,140,,2024-10-01,Unknown,Canada,331.0
FreshDirect,"New York City",Food,100,0.03,2024-01-10,Acquired,"United States",280.0
Freshworks,"SF Bay Area",Support,114,0.02,2023-03-16,Post-IPO,"United States",484.0
Freshworks,"SF Bay Area",Support,660,0.13,2024-11-07,Post-IPO,"United States",484.0
Frontdesk,Milwaukee,Travel,200,1.0,2024-01-02,Unknown,"United States",26.0
FullStory,Atlanta,Marketing,50,0.1,2024-01-09,Unknown,"United States",197.0
Gem,"SF Bay Area",Recruiting,70,,2023-08-02,"Series C","United States",148.0
Genesis,"New York City",Crypto,60,0.3,2023-01-05,"Series A","United States",
Getir,London,Food,2500,0.11,2023-08-22,"Series E","United Kingdom",1800.0
Getir,London,Food,3300,,2024-04-29,"Series E","United Kingdom",1800.0
Getir,"New York City",Food,100,,2023-02-02,"Series E","United States",1800.0
"Ghost Autonomy","SF Bay Area",Transportation,100,1.0,2024-04-03,"Series E","United States",247.0
Gigamon,"SF Bay Area",Data,69,,2024-10-15,Acquired,"United States",23.0
"Ginkgo Bioworks",Boston,Healthcare,400,0.35,2024-06-20,Post-IPO,"United States",1600.0
GitLab,"SF Bay Area",Product,130,0.07,2023-02-09,Post-IPO,"United States",413.0
Gitpod,Kiel,Product,21,0.28,2023-01-24,"Series A",Germany,41.0
"Glamyo Health","New Delhi",Healthcare,160,,2023-06-01,"Series B",India,9.0
Glassdoor,"SF Bay Area",HR,140,0.15,2023-03-22,Acquired,"United States",204.0
"Glean AI","New York City",Finance,5,,2023-05-08,Seed,"United States",11.0
Glisser,London,Travel,25,1.0,2023-01-26,Unknown,"United Kingdom",1.0
Gloat,"New York City",HR,35,0.12,2023-04-20,"Series D","United States",192.0
Glovo,Barcelona,Food,25,,2024-04-12,Acquired,Spain,1200.0
Glovo,Barcelona,Food,140,,2023-03-23,Acquired,Spain,1200.0
Glovo,Barcelona,Food,250,0.06,2023-01-30,Acquired,Spain,1200.0
Glovo,Madrid,Food,22,,2024-05-25,Acquired,Spain,1200.0
Glowforge,Seattle,Manufacturing,30,,2023-12-15,"Series E","United States",133.0
GoBolt,Toronto,Logistics,55,0.05,2023-01-10,"Series C",Canada,178.0
GoCardless,London,Finance,150,0.17,2023-06-12,"Series G","United Kingdom",529.0
GoDaddy,Phoenix,Marketing,530,0.08,2023-02-08,Post-IPO,"United States",800.0
Gokada,Lagos,Transportation,54,,2023-01-31,Unknown,Nigeria,12.0
Gong,"SF Bay Area",Sales,80,0.07,2023-02-08,"Series E","United States",583.0
Google,"SF Bay Area",Consumer,40,,2023-10-18,Post-IPO,"United States",26.0
Google,"SF Bay Area",Consumer,57,,2024-05-10,Post-IPO,"United States",26.0
Google,"SF Bay Area",Consumer,75,,2023-09-13,Post-IPO,"United States",26.0
Google,"SF Bay Area",Consumer,100,,2024-05-31,Post-IPO,"United States",26.0
Google,"SF Bay Area",Consumer,200,,2024-05-01,Post-IPO,"United States",26.0
Google,"SF Bay Area",Consumer,1000,,2024-01-10,Post-IPO,"United States",26.0
Google,"SF Bay Area",Consumer,12000,0.06,2023-01-20,Post-IPO,"United States",26.0
Goop,"Los Angeles",Retail,39,0.18,2024-09-06,Unknown,"United States",75.0
GoPro,"SF Bay Area",Consumer,139,0.15,2024-08-19,Post-IPO,"United States",288.0
Gopuff,Philadelphia,Food,100,0.02,2023-03-09,"Series H","United States",3400.0
GoStudent,Vienna,Education,100,,2024-01-23,"Series D",Austria,686.0
GoTo,Boston,Other,29,,2024-01-23,Acquired,"United States",2.0
"GoTo Group",Jakarta,Transportation,600,,2023-03-10,Post-IPO,Indonesia,1300.0
Grab,Singapore,Transportation,1000,0.11,2023-06-20,Post-IPO,Singapore,16500.0
Grabango,"SF Bay Area",Food,34,0.4,2023-09-11,Unknown,"United States",94.0
GrabCAD,Tallinn,Other,13,,2024-01-12,Acquired,Estonia,28.0
Grail,"SF Bay Area",Healthcare,350,,2024-08-13,Post-IPO,"United States",
Grammarly,"SF Bay Area",Consumer,230,,2024-02-07,Unknown,"United States",400.0
Gramophone,Indore,Food,75,,2023-01-16,"Series B",India,17.0
Graphy,Bengaluru,Education,50,0.2,2023-10-26,Subsidiary,India,
"Green Labs",Seoul,Food,350,0.7,2023-02-21,"Series C","South Korea",214.0
Greenhouse,"New York City",Recruiting,100,0.12,2023-04-27,"Private Equity","United States",110.0
Greenlight,Atlanta,Finance,104,0.21,2023-01-12,"Series D","United States",556.0
"Gro Intelligence","New York City",Food,20,0.1,2024-02-15,"Series B","United States",118.0
"Gro Intelligence","New York City",Food,90,0.6,2024-03-01,"Series B","United States",118.0
Groupon,Chicago,Retail,500,,2023-01-30,Post-IPO,"United States",1400.0
Grubhub,"SF Bay Area",Food,400,0.15,2023-06-12,Acquired,"United States",284.0
Grubhub,"SF Bay Area",Food,500,0.23,2025-02-28,Acquired,"United States",284.0
"Guardant Health","SF Bay Area",Healthcare,130,0.07,2023-01-25,Post-IPO,"United States",550.0
Guideline,"SF Bay Area",Finance,48,0.11,2023-04-03,"Series E","United States",339.0
Guild,Denver,Education,172,0.12,2023-05-24,"Series F","United States",643.0
Guild,Denver,Education,300,0.25,2024-05-22,"Series F","United States",643.0
Gupy,"Sao Paulo",HR,58,0.08,2023-08-02,"Series B",Brazil,105.0
Gusto,"SF Bay Area",HR,126,0.05,2023-02-08,"Series E","United States",746.0
HackerRank,"SF Bay Area",Recruiting,53,,2023-08-27,"Series D","United States",103.0
Happay,Bengaluru,Finance,160,0.35,2023-05-12,Acquired,India,21.0
Harappa,"New Delhi",Education,60,0.3,2023-01-03,Acquired,India,
HashiCorp,"SF Bay Area",Security,69,,2023-01-11,Post-IPO,"United States",349.0
"Haven Technologies","New York City",Finance,280,0.7,2023-06-01,Subsidiary,"United States",
Headspace,"Los Angeles",Healthcare,181,0.15,2023-06-29,Unknown,"United States",216.0
HealthifyMe,Bengaluru,Healthcare,150,0.27,2024-04-27,"Series D",India,130.0
Healthy.io,"Tel Aviv",Healthcare,40,0.3,2024-09-22,"Series D","United States",185.0
Healthy.io,"Tel Aviv",Healthcare,70,0.33,2023-05-03,"Series D","United States",185.0
HelloFresh,"SF Bay Area",Food,273,,2025-03-17,Post-IPO,"United States",367.0
"Heureka Group",Prague,Retail,100,0.16,2024-04-23,Acquired,"Czech Republic",
"Hewlett Packard Enterprise","SF Bay Area",Hardware,2500,0.05,2025-03-06,Post-IPO,"United States",1400.0
Heycar,Berlin,Transportation,73,,2023-01-27,Unknown,Germany,
HeyJobs,Berlin,Recruiting,90,,2025-01-15,"Series B",Germany,62.0
Highsnobiety,Berlin,Media,24,0.1,2023-07-03,Acquired,Germany,8.0
Highspot,Seattle,Sales,100,0.1,2023-02-02,"Series F","United States",644.0
Highspot,Seattle,Sales,140,0.15,2023-06-08,"Series F","United States",644.0
Hike,"New Delhi",Consumer,55,,2023-08-10,Unknown,India,261.0
"Hippo Insurance","SF Bay Area",Finance,120,0.2,2023-10-26,Post-IPO,"United States",1300.0
Hodinkee,"New York City",Retail,24,0.2,2023-09-05,Seed,"United States",40.0
Homeday,Berlin,"Real Estate",40,0.2,2023-09-12,Unknown,Germany,71.0
HomeLane,Bengaluru,Retail,30,,2023-03-06,"Series E",India,116.0
Hootsuite,Vancouver,Marketing,70,0.07,2023-01-18,"Series C",Canada,300.0
Hopper,Montreal,Travel,250,0.3,2023-10-04,Unknown,Canada,730.0
HP,"SF Bay Area",Hardware,2000,,2025-02-28,Post-IPO,"United States",
HP,"Tel Aviv",Hardware,100,,2023-02-19,Post-IPO,Israel,4200.0
Hubilo,"SF Bay Area",Other,50,,2023-10-30,"Series B","United States",153.0
Hubilo,"SF Bay Area",Other,115,0.35000000000000003,2023-01-19,"Series B","United States",153.0
HubSpot,Boston,Marketing,500,0.07,2023-01-31,Post-IPO,"United States",100.0
"Hugging Face","New York City",AI,10,0.04,2025-02-05,"Series D","United States",395.0
Hulu,Beijing,Media,200,,2023-03-30,Acquired,China,683.0
Huma,London,Healthcare,45,0.1,2023-08-30,Unknown,"United Kingdom",217.0
Humane,"SF Bay Area",Hardware,10,0.04,2024-01-09,"Series C","United States",230.0
"Humble Games","SF Bay Area",Media,36,1.0,2024-07-23,Acquired,"United States",4.0
Huobi,Beijing,Crypto,275,0.2,2023-01-06,Unknown,China,2.0
Hydrow,Boston,Fitness,30,,2023-01-19,"Series D","United States",269.0
"Hyland Software",Cleveland,Other,1000,0.2,2023-04-03,Acquired,"United States",
IAC,"New York City",Consumer,330,,2024-01-10,Post-IPO,"United States",
IBM,Beijing,Hardware,1000,,2024-08-26,Post-IPO,China,
IBM,"New York City",Hardware,3900,0.02,2023-01-25,Post-IPO,"United States",
Ibotta,Denver,Retail,70,0.08,2025-02-22,Post-IPO,"United States",93.0
iCAD,Nashua,Healthcare,23,0.28,2023-03-29,Post-IPO,"United States",59.0
ICANN,"Los Angeles",Infrastructure,33,0.07,2024-05-30,Unknown,"United States",
iCIMS,Holmdel,Recruiting,69,,2024-08-09,Acquired,"United States",93.0
Icon,Austin,Construction,114,,2025-01-09,"Series B","United States",451.0
Identiq,"Tel Aviv",Security,20,0.44,2024-04-01,"Series A",Israel,52.0
iFood,"Sao Paulo",Food,355,0.06,2023-03-01,Subsidiary,Brazil,2100.0
Illumina,"San Diego",Healthcare,111,,2024-02-01,Post-IPO,"United States",28.0
Illumina,"San Diego",Healthcare,151,,2023-08-17,Post-IPO,"United States",28.0
Impact.com,"Los Angeles",Sales,40,0.03,2024-02-05,"Private Equity","United States",361.0
Impinj,Seattle,Other,50,0.1,2024-02-13,Post-IPO,"United States",137.0
"Impossible Foods copy","SF Bay Area",Food,140,0.2,2023-01-30,"Series H","United States",1900.0
Incredibuild,"Tel Aviv",Product,18,0.11,2024-11-04,Acquired,Israel,35.0
Incredibuild,"Tel Aviv",Product,40,0.2,2023-12-05,"Series B",Israel,35.0
Indeed,Austin,HR,1000,0.08,2024-05-13,Acquired,"United States",5.0
Indeed,Austin,HR,2200,0.15,2023-03-22,Acquired,"United States",5.0
Infineon,Munich,Manufacturing,1400,,2024-08-05,Post-IPO,Germany,1500.0
Informatica,"SF Bay Area",Data,450,0.07,2023-01-10,Post-IPO,"United States",
Informatica,"SF Bay Area",Data,545,0.1,2023-11-01,Post-IPO,"United States",
Inmobi,Bengaluru,Marketing,50,,2023-01-23,Unknown,India,320.0
Inmobi,Bengaluru,Marketing,125,0.05,2024-01-11,Unknown,India,320.0
Innovaccer,"SF Bay Area",Healthcare,245,0.15,2023-01-24,"Series E","United States",379.0
Innovid,"New York City",Marketing,40,0.1,2023-01-23,Post-IPO,"United States",295.0
Innoviz,"Tel Aviv",Transportation,60,0.13,2024-01-31,Post-IPO,Israel,547.0
"Insider Intelligence","New York City",Media,20,,2023-06-29,Subsidiary,"United States",
InSightec,Haifa,Healthcare,100,0.2,2023-12-19,Unknown,"United States",733.0
Inspirato,Denver,Travel,50,0.06,2023-07-19,Post-IPO,"United States",179.0
Inspirato,Denver,Travel,109,0.12,2023-01-18,Post-IPO,"United States",179.0
Instacart,"SF Bay Area",Food,250,0.07,2024-02-13,Post-IPO,"United States",2900.0
Instagram,"SF Bay Area",Consumer,60,,2024-01-10,Acquired,"United States",57.0
Intel,Sacramento,Hardware,58,,2025-02-04,Post-IPO,"United States",12.0
Intel,Sacramento,Hardware,311,,2023-12-21,Post-IPO,"United States",12.0
Intel,"SF Bay Area",Hardware,62,,2024-04-09,Post-IPO,"United States",12.0
Intel,"SF Bay Area",Hardware,140,,2023-08-17,Post-IPO,"United States",12.0
Intel,"SF Bay Area",Hardware,343,,2023-01-30,Post-IPO,"United States",12.0
Intel,"SF Bay Area",Hardware,15000,0.15,2024-08-01,Post-IPO,"United States",12.0
Intrinsic,"SF Bay Area",Other,40,0.2,2023-01-11,Acquired,"United States",
Intuit,"SF Bay Area",Finance,1800,0.1,2024-07-10,Post-IPO,"United States",18.0
InvestCloud,"Los Angeles",Finance,80,0.05,2023-10-06,"Private Equity","United States",54.0
Invitae,"SF Bay Area",Healthcare,235,0.15,2023-12-13,Post-IPO,"United States",2500.0
iRobot,Boston,Consumer,85,0.07,2023-02-13,Acquired,"United States",30.0
iRobot,Boston,Consumer,105,0.16,2024-11-06,Post-IPO,"United States",30.0
iRobot,Boston,Consumer,350,0.31,2024-01-29,Post-IPO,"United States",30.0
"Jam City","Los Angeles",Consumer,85,0.1,2024-08-05,Unknown,"United States",652.0
Jellysmack,"New York City",Media,22,,2024-10-21,"Series C",France,22.0
Jellysmack,Paris,Media,13,,2023-05-25,"Series C",France,22.0
Jellysmack,Paris,Media,30,,2024-01-23,"Series C",France,22.0
Jellysmack,Paris,Media,208,,2023-02-15,"Series C",France,22.0
Jodo,Bengaluru,Finance,100,,2023-11-20,"Series A",India,19.0
Jumio,"SF Bay Area",Security,100,0.06,2023-01-11,"Private Equity","United States",205.0
Jumpcloud,Boulder,Security,100,0.12,2023-01-18,"Series F","United States",416.0
"Juniper Networks","SF Bay Area",Hardware,440,0.04,2023-10-06,Post-IPO,"United States",39.0
JupiterOne,Raleigh,Security,8,,2023-06-13,"Series C","United States",119.0
"Just Eat",Amsterdam,Food,300,0.02,2024-11-07,Acquired,Netherlands,129.0
"Just Eat",London,Food,1700,,2023-03-21,Acquired,"United Kingdom",
Justworks,"New York City",HR,200,,2025-02-10,Unknown,"United States",160.0
Kaleidoscope,Minneapolis,Finance,15,0.3,2023-03-14,"Series A","United States",16.0
Kaltura,"New York City",Media,75,0.11,2023-01-04,Post-IPO,"United States",166.0
Kape,London,Security,180,,2023-07-28,Post-IPO,"United Kingdom",188.0
"Kape Technologies",London,Security,200,0.3,2023-07-30,Post-IPO,"United Kingdom",188.0
Karat,Seattle,HR,47,,2023-01-20,Unknown,"United States",169.0
Karat,Seattle,HR,47,,2023-06-28,Unknown,"United States",169.0
Karma,"Tel Aviv",Retail,20,0.28,2023-05-04,"Series A",Israel,34.0
"Kayak / OpenTable",Stamford,Travel,80,,2023-10-16,Acquired,"United States",229.0
"Kenko Health",Mumbai,Healthcare,50,0.2,2023-08-29,Unknown,India,14.0
"Kenko Health",Mumbai,Healthcare,50,0.2,2023-08-30,"Series A",India,14.0
Khatabook,Bengaluru,Finance,42,,2023-09-01,"Series C",India,187.0
Kinde,Sydney,Other,8,0.28,2023-02-20,Seed,Australia,10.0
Kissflow,Chennai,Other,45,0.11,2024-06-10,Unknown,India,1.0
Kiwi.com,Brno,Travel,216,0.18,2024-01-30,Unknown,"Czech Republic",107.0
Klaviyo,Boston,Marketing,140,,2023-03-15,Unknown,"United States",778.0
Klub,Bengaluru,Finance,60,,2024-11-29,Unknown,India,35.0
Kobo360,Lagos,Logistics,30,,2024-11-30,"Series B",Nigeria,85.0
Koo,Bengaluru,Consumer,78,0.3,2023-04-20,"Series B",India,50.0
Kraken,"SF Bay Area",Crypto,400,0.15,2024-10-30,Unknown,"United States",134.0
"Kuku FM",Mumbai,Media,80,,2024-11-14,"Series C",India,71.0
Kyruus,Boston,Healthcare,70,,2023-02-05,Unknown,"United States",183.0
"Lam Research","SF Bay Area",Hardware,1300,0.07,2023-01-25,Post-IPO,"United States",
Lattice,"SF Bay Area",HR,105,0.15,2023-01-12,"Series F","United States",328.0
"Lazada Group",Singapore,Retail,100,0.3,2024-01-03,Acquired,Singapore,7200.0
LEAD,Mumbai,Education,60,,2023-01-10,"Series E",India,190.0
Leafly,Seattle,Retail,40,0.21,2023-03-16,Post-IPO,"United States",71.0
LearnUpon,Dublin,Education,27,0.09,2023-02-07,"Private Equity",Ireland,56.0
LegalZoom,Austin,Legal,100,,2023-10-19,Post-IPO,"United States",951.0
Lemonade,"New York City",Finance,45,0.03,2023-05-16,Post-IPO,"United States",481.0
Lendi,Sydney,"Real Estate",100,,2023-03-03,Unknown,Australia,59.0
"Lending Club","SF Bay Area",Finance,172,0.14,2023-10-12,Post-IPO,"United States",392.0
"Lending Club","SF Bay Area",Finance,225,0.14,2023-01-12,Post-IPO,"United States",392.0
LendingTree,Charlotte,Finance,150,0.13,2023-03-30,Post-IPO,"United States",
Lev,"New York City","Real Estate",34,,2023-05-01,"Series B","United States",114.0
Licious,Bengaluru,Food,80,0.03,2024-02-09,"Series F",India,490.0
Lightico,"Tel Aviv",Finance,20,0.25,2023-02-05,"Series B",Israel,42.0
Lightricks,Jerusalem,Consumer,70,0.12,2024-07-01,"Series D",Israel,335.0
"Lightspeed Commerce",Montreal,Retail,200,,2024-12-02,Post-IPO,Canada,1200.0
"Lightspeed Commerce",Montreal,Retail,280,,2024-04-03,Post-IPO,Canada,1200.0
"Lightspeed Commerce",Montreal,Retail,300,0.1,2023-01-17,Post-IPO,Canada,1200.0
Lilium,Munich,Aerospace,1000,1.0,2024-12-23,Post-IPO,Germany,1400.0
LinkedIn,"SF Bay Area",Recruiting,202,0.01,2024-11-21,Acquired,"United States",154.0
LinkedIn,"SF Bay Area",Recruiting,660,0.03,2023-10-16,Acquired,"United States",154.0
LinkedIn,"SF Bay Area",Recruiting,716,0.04,2023-05-08,Acquired,"United States",154.0
LinkSquares,Boston,Legal,90,,2024-02-15,"Series C","United States",161.0
Linktree,Melbourne,Consumer,60,0.27,2023-06-06,Unknown,Australia,165.0
LiveRamp,"SF Bay Area",Marketing,65,0.05,2025-03-05,Post-IPO,"United States",16.0
Livspace,Bengaluru,Retail,100,0.02,2023-03-17,"Series F",India,431.0
Loco,Mumbai,Consumer,40,0.36,2023-11-30,Acquired,India,52.0
Loft,"Sao Paulo","Real Estate",340,0.15,2023-03-03,Unknown,Brazil,788.0
Loggi,"Sao Paulo",Logistics,300,0.07,2023-02-06,"Series F",Brazil,507.0
Logically,Manchester,AI,40,0.2,2025-02-17,"Series A","United Kingdom",37.0
Logitech,Geneva,Hardware,300,,2023-03-22,Post-IPO,Switzerland,
Loop,Austin,Finance,19,0.25,2023-03-30,"Series A","United States",24.0
LOOP,Austin,Finance,23,0.77,2024-06-16,"Series A","United States",34.0
"Lucid Motors","SF Bay Area",Transportation,400,0.06,2024-05-24,Post-IPO,"United States",8300.0
"Lucid Motors","SF Bay Area",Transportation,1300,0.18,2023-03-28,Post-IPO,"United States",8300.0
"Lucid Software","Salt Lake City",Other,75,0.07,2023-09-25,"Series E","United States",170.0
"Lucira Health","SF Bay Area",Healthcare,26,,2023-02-24,Post-IPO,"United States",132.0
Ludia,Montreal,Consumer,55,,2023-06-28,Acquired,"United States",1.0
"Lululemon Studio","New York City",Fitness,120,,2023-09-28,Acquired,"United States",75.0
Luminar,Orlando,Transportation,140,0.2,2024-05-03,Post-IPO,"United States",780.0
Luno,London,Crypto,330,0.35000000000000003,2023-01-25,Acquired,"United Kingdom",13.0
"Luxury Presence","Los Angeles","Real Estate",44,,2023-01-17,"Series B","United States",31.0
Lyft,"SF Bay Area",Transportation,30,0.01,2024-09-04,Post-IPO,"United States",4900.0
Lyft,"SF Bay Area",Transportation,1072,0.26,2023-04-21,Post-IPO,"United States",4900.0
"Lyra Health","SF Bay Area",Healthcare,77,0.02,2024-11-12,"Series F","United States",910.0
"Magic Eden","SF Bay Area",Crypto,22,,2023-02-13,"Series B","United States",170.0
"Magic Leap",Miami,Consumer,75,,2024-07-19,"Series E","United States",4100.0
Malwarebytes,"SF Bay Area",Security,100,,2023-08-31,"Series B","United States",80.0
Mamaearth,Gurugram,Retail,80,,2023-06-14,Unknown,India,111.0
ManoMano,Paris,Retail,230,0.25,2023-10-18,"Series F",France,705.0
Mapbox,"Washington D.C.",Data,64,,2023-01-12,Unknown,"United States",334.0
Mara,Nairobi,Crypto,6,,2023-06-06,Seed,Kenya,23.0
MariaDB,"SF Bay Area",Data,84,0.28,2023-10-12,Post-IPO,"United States",272.0
Marvell,"SF Bay Area",Hardware,320,0.04,2023-03-21,Post-IPO,"United States",
MasterClass,"SF Bay Area",Education,79,,2023-03-02,"Series E","United States",461.0
Matrixport,Singapore,Crypto,29,0.1,2023-01-27,"Series C",Singapore,100.0
Matterport,"SF Bay Area",Data,170,0.3,2023-07-11,Post-IPO,"United States",409.0
"Maven Clinic","New York City",Healthcare,60,0.1,2024-11-01,"Series F","United States",417.0
MaxMilhas,"Belo Horizonte",Travel,82,0.18,2023-09-05,Unknown,Brazil,
McMakler,Berlin,"Real Estate",60,,2023-05-31,Unknown,Germany,214.0
McMakler,Berlin,"Real Estate",60,,2023-11-21,Unknown,Germany,214.0
"Me Poupe","Sao Paulo",Finance,60,0.5,2023-01-28,Unknown,Brazil,
Medallia,"SF Bay Area",Support,59,,2023-02-24,Acquired,"United States",325.0
MediBuddy,Bengaluru,Healthcare,200,0.08,2023-01-20,Acquired,India,192.0
Medsaf,Lagos,Healthcare,30,1.0,2023-07-07,Unknown,Nigeria,
Medtronic,"SF Bay Area",Healthcare,59,,2023-04-12,Post-IPO,"United States",5900.0
Meesho,Bengaluru,Retail,251,0.15,2023-05-05,"Series F",India,1100.0
Megaport,Brisbane,Infrastructure,50,0.16,2023-04-27,Post-IPO,Australia,98.0
Melio,"New York City",Finance,40,0.07,2024-03-04,"Series D","United States",504.0
"Mensa Brands",Bengaluru,Retail,30,,2023-05-30,Unknown,India,254.0
"Meow Wolf","Santa Fe",Media,8,,2023-12-04,Unknown,"United States",185.0
Merative,"Ann Arbor",Healthcare,200,0.1,2023-02-23,Acquired,"United States",
Merative,Dublin,Healthcare,100,,2023-09-21,Acquired,"United States",
MessageBird,Amsterdam,Other,90,0.2,2024-03-05,"Series C",Netherlands,1100.0
MessageBird,Amsterdam,Other,120,0.33,2025-02-10,"Series C",Netherlands,1100.0
Meta,"SF Bay Area",Consumer,3600,0.05,2025-02-10,Post-IPO,"United States",26000.0
Meta,"SF Bay Area",Consumer,10000,,2023-03-14,Post-IPO,"United States",26000.0
Micron,Boise,Hardware,2400,0.05,2023-02-17,Post-IPO,"United States",50.0
Micron,Boise,Hardware,4800,0.1,2023-01-01,Post-IPO,"United States",50.0
Microsoft,Seattle,Other,158,,2023-05-10,Post-IPO,"United States",1.0
Microsoft,Seattle,Other,650,,2024-09-12,Post-IPO,"United States",1.0
Microsoft,Seattle,Other,1000,,2023-07-18,Post-IPO,"United States",1.0
Microsoft,Seattle,Other,1000,,2024-06-03,Post-IPO,"United States",1.0
Microsoft,Seattle,Other,1900,,2024-01-25,Post-IPO,"United States",1.0
Microsoft,Seattle,Other,10000,0.05,2023-01-18,Post-IPO,"United States",1.0
Milkbasket,Gurugram,Food,400,0.67,2023-07-27,Acquired,India,39.0
Milkrun,Sydney,Food,400,1.0,2023-04-11,"Series A",Australia,86.0
Mindstrong,"SF Bay Area",Healthcare,127,,2023-02-02,"Series C","United States",160.0
"Minute Media",London,Media,50,0.1,2023-01-08,"Series I","United Kingdom",160.0
Miro,"SF Bay Area",Other,119,0.07,2023-02-02,"Series C","United States",476.0
Miro,"SF Bay Area",Other,275,0.18,2024-10-30,"Series C","United States",476.0
"Misfits Market",Philadelphia,Food,649,0.33,2023-02-09,"Series C","United States",526.0
Mobileye,Jerusalem,Transportation,100,,2024-09-09,Post-IPO,Israel,2100.0
Moglix,Singapore,Retail,40,0.02,2023-01-05,"Series F",Singapore,472.0
Mojocare,Bengaluru,Healthcare,170,0.8,2023-06-17,"Series A",India,24.0
Moladin,Jakarta,Transportation,360,0.11,2023-02-12,"Series B",Indonesia,138.0
"Momentis Surgical","Tel Aviv",Healthcare,70,0.6,2023-05-08,"Series D",Israel,
"Monarch Tractor","SF Bay Area",Other,35,0.1,2024-11-08,Unknown,"United States",214.0
MoonPay,Dover,Crypto,30,0.1,2024-06-05,Unknown,"United States",651.0
Moov,"Cedar Falls",Finance,50,,2024-09-25,"Series B","United States",77.0
Moovit,"Tel Aviv",Transportation,20,0.1,2024-06-19,Acquired,Israel,131.0
"Morning Brew","New York City",Media,40,,2023-03-09,Acquired,"United States",
Moss,Berlin,Finance,30,,2023-05-19,"Series B",Germany,150.0
Motional,Pittsburgh,Transportation,550,0.4,2024-05-10,Unknown,"United States",
"Moxion Power","SF Bay Area",Energy,101,,2024-06-26,Unknown,"United States",124.0
"Moxion Power","SF Bay Area",Energy,248,1.0,2024-07-29,Unknown,"United States",124.0
Mozilla,"SF Bay Area",Consumer,60,0.05,2024-02-13,Unknown,"United States",2.3
mPharma,Accra,Healthcare,150,,2023-09-04,"Series D",Ghana,90.0
MPL,Bengaluru,Consumer,350,,2023-08-08,Unknown,India,375.0
"Mr Yum",Melbourne,Food,40,,2023-03-21,"Series A",Australia,101.0
Mural,"SF Bay Area",Product,170,,2023-06-01,"Series C","United States",192.0
Mux,"SF Bay Area",Infrastructure,40,0.3,2023-05-31,"Series D","United States",173.0
MVPindex,Austin,Marketing,12,0.3,2024-01-25,"Series B","United States",27.0
MyGate,Bengaluru,Other,200,0.3,2023-02-20,"Series B",India,79.0
Myntra,Bengaluru,Retail,50,,2023-07-26,Acquired,India,516.0
N26,Berlin,Finance,14,,2023-09-29,"Series E",Germany,1700.0
N26,Berlin,Finance,71,0.04,2023-04-28,"Series E","United States",1700.0
Namogoo,"Tel Aviv",Marketing,20,0.15,2023-01-23,"Series C","United States",69.0
"NanoString Technologies",Seattle,Healthcare,50,0.09,2024-01-06,Post-IPO,"United States",826.0
Navan,"SF Bay Area",Finance,145,0.05,2023-12-05,Unknown,"United States",2200.0
Navan,"SF Bay Area",Travel,145,,2023-12-06,Unknown,"United States",2200.0
"Navi Technologies",Bengaluru,Finance,200,,2023-07-13,Unknown,India,659.0
"NCC Group",Manchester,Security,125,0.07,2023-02-02,Post-IPO,"United Kingdom",
nCino,Wilmington,Finance,100,0.07,2023-01-18,Post-IPO,"United States",1100.0
Neon,"Sao Paulo",Finance,180,,2023-10-10,"Series D",Brazil,727.0
Neon,"Sao Paulo",Finance,210,0.09,2023-02-15,"Series D",Brazil,720.0
NetApp,"SF Bay Area",Data,960,0.08,2023-01-31,Post-IPO,"United States",
Nevro,"SF Bay Area",Healthcare,63,0.05,2024-01-09,Post-IPO,"United States",556.0
"New Relic","SF Bay Area",Infrastructure,255,0.1,2023-06-27,Post-IPO,"United States",214.0
"New Work SE",Hamburg,Consumer,400,,2024-01-11,Post-IPO,Germany,
Nexar,"New York City",Transportation,12,,2023-07-31,"Series D","United States",149.0
Nexar,"New York City",Transportation,17,0.14,2023-09-04,"Series D","United States",149.0
"NextGen Healthcare","St. Louis",Healthcare,84,,2023-11-17,Acquired,"United States",
Niantic,"Los Angeles",Other,100,,2023-08-09,"Series D","United States",770.0
Niantic,"SF Bay Area",Other,230,,2023-06-29,"Series D","United States",770.0
Niche,Pittsburgh,Education,24,0.07,2024-03-08,"Series C","United States",44.0
Nikola,Phoenix,Transportation,130,0.15,2024-10-11,Post-IPO,"United States",3300.0
Nikola,Phoenix,Transportation,270,,2023-06-16,Post-IPO,"United States",3300.0
"Ninja Van",Singapore,Transportation,21,0.1,2024-04-29,"Series E",Singapore,974.0
"No Fluff Jobs",Gydnia,HR,13,,2023-03-04,Acquired,Poland,
"Nomad Health","New York City",Healthcare,119,0.17,2023-10-20,Unknown,"United States",218.0
Noon,Riyadh,Retail,340,0.1,2023-04-18,Unknown,"Saudi Arabia",
Nori,Seattle,Energy,10,0.37,2023-04-10,Unknown,"United States",13.0
Northvolt,Stockholm,Energy,1600,0.2,2024-09-23,Unknown,Sweden,13800.0
Nubank,"Sao Paulo",Finance,30,,2023-03-15,Post-IPO,Brazil,4100.0
Nubank,"Sao Paulo",Finance,40,,2023-01-31,Post-IPO,Brazil,4100.0
Nubank,"Sao Paulo",Finance,296,,2023-06-07,Post-IPO,Brazil,4100.0
Nuro,"SF Bay Area",Transportation,340,0.3,2023-05-12,"Series D","United States",2100.0
"NuScale Power",Corvallis,Energy,154,0.28,2024-01-08,Post-IPO,"United States",470.0
Ocado,London,Food,1000,,2023-12-31,Post-IPO,"United Kingdom",2000.0
Oda,Oslo,Food,150,,2024-06-05,Unknown,Norway,691.0
"OFFOR Health",Columbus,Healthcare,16,,2023-01-24,"Series A","United States",14.0
Okta,"SF Bay Area",Security,180,0.03,2025-02-04,Post-IPO,"United States",1200.0
Okta,"SF Bay Area",Security,300,0.05,2023-02-02,Post-IPO,"United States",1200.0
Okta,"SF Bay Area",Security,400,0.07,2024-02-01,Post-IPO,"United States",1200.0
Ola,Bengaluru,Transportation,180,0.1,2024-04-29,"Series J",India,5000.0
Ola,Bengaluru,Transportation,200,,2023-01-13,"Series J",India,5000.0
"Ola Electric",Bengaluru,Transportation,500,,2024-11-22,Post-IPO,India,1700.0
"Ola Electric",Bengaluru,Transportation,1000,,2025-03-03,Post-IPO,India,1700.0
"Olive AI",Columbus,Healthcare,215,0.35000000000000003,2023-02-09,"Series H","United States",856.0
Olo,"New York City",Food,81,0.11,2023-06-14,Post-IPO,"United States",184.0
"OLX Group",Amsterdam,Marketing,800,,2023-06-20,Acquired,Netherlands,
"OLX Group",Amsterdam,Marketing,1500,0.15,2023-01-30,Acquired,Netherlands,
Omuni,Bengaluru,Retail,60,0.35,2023-08-30,Acquired,India,10.0
ON,"SF Bay Area",Retail,60,1.0,2024-07-16,Unknown,"United States",81.0
OneFootball,Berlin,Marketing,150,0.32,2023-02-23,"Series D",Germany,442.0
Open,Bengaluru,Finance,47,,2023-04-20,"Series D",India,190.0
Opendoor,"SF Bay Area","Real Estate",300,0.17,2024-11-07,Post-IPO,"United States",1900.0
Opendoor,"SF Bay Area","Real Estate",560,0.22,2023-04-18,Post-IPO,"United States",1900.0
Openpay,Melbourne,Finance,83,1.0,2023-02-07,Post-IPO,Australia,299.0
OpenText,Waterloo,Data,1200,0.02,2024-07-03,Post-IPO,Canada,1100.0
Oportun,"SF Bay Area",Finance,155,0.1,2023-02-09,Post-IPO,"United States",566.0
Oportun,"SF Bay Area",Finance,185,0.07,2023-11-07,Post-IPO,"United States",766.0
Orbotech,Yavne,Manufacturing,100,,2024-03-19,Acquired,Israel,
"Orca Security","Tel Aviv",Security,60,0.15,2024-01-03,"Series C",Israel,632.0
OrCam,Jerusalem,Healthcare,50,0.19,2024-02-28,Unknown,Israel,86.0
OrCam,Jerusalem,Healthcare,100,0.5,2024-06-03,Unknown,Israel,86.0
"Osso VR","SF Bay Area",Healthcare,67,,2024-04-01,"Series C","United States",109.0
Otorio,"Tel Aviv",Security,45,0.56,2025-03-17,Acquired,Israel,
Otovo,Oslo,Energy,65,0.15,2024-02-08,Post-IPO,Norway,247.0
"Our Next Energy",Detroit,Transportation,40,0.13,2024-03-04,"Series B","United States",390.0
"Our Next Energy",Detroit,Transportation,128,0.25,2023-11-27,"Series B","United States",390.0
Outbrain,"New York City",Marketing,90,0.1,2023-06-01,Post-IPO,"United States",394.0
Outbrain,"New York City",Marketing,200,,2025-02-05,Post-IPO,"United States",394.0
Outreach,Seattle,Sales,67,0.09,2024-11-06,"Series G","United States",489.0
Outreach,Seattle,Sales,70,0.07,2023-02-27,"Series G","United States",489.0
OutSystems,Boston,Product,150,0.08,2024-04-19,"Series G","United States",802.0
Pagaya,"Tel Aviv",Finance,100,0.2,2024-06-05,Post-IPO,Israel,2000.0
Pagaya,"Tel Aviv",Finance,140,0.2,2023-01-18,Post-IPO,Israel,571.0
PagBank,"Sao Paulo",Finance,500,0.07,2023-01-16,Post-IPO,Brazil,
Palantir,Denver,Data,75,0.02,2023-02-27,Post-IPO,"United States",3000.0
Pandion,Seattle,Logistics,63,1.0,2025-01-10,"Series B","United States",76.0
Paper,Montreal,Education,81,0.03,2023-04-17,"Series D",Canada,389.0
Paper,Montreal,Education,81,0.45,2024-08-16,"Series D",Canada,389.0
Paper,Montreal,Education,87,0.03,2023-09-12,"Series D",Canada,389.0
Paper,Montreal,Education,106,0.04,2023-08-01,"Series D",Canada,389.0
"Parity Technologies",London,Crypto,100,0.3,2023-10-23,Unknown,"United Kingdom",
Parler,Nashville,Consumer,60,0.75,2023-01-10,"Series B","United States",36.0
PartnerStack,Toronto,Sales,40,0.2,2023-01-24,"Series B",Canada,36.0
PathAI,Boston,Healthcare,87,,2023-07-21,"Series C","United States",255.0
Paxos,"New York City",Crypto,65,0.2,2024-06-12,Unknown,"United States",543.0
PayFit,Paris,HR,200,0.2,2023-03-01,"Series E",France,495.0
Payoneer,"New York City",Finance,200,0.1,2023-06-26,Post-IPO,"United States",
PayPal,"SF Bay Area",Finance,85,,2024-06-18,Post-IPO,Ireland,216.0
PayPal,"SF Bay Area",Finance,2000,0.07,2023-01-31,Post-IPO,"United States",216.0
PayPal,"SF Bay Area",Finance,2500,0.09,2024-01-30,Post-IPO,"United States",216.0
PayScale,Seattle,HR,14,0.02,2023-07-14,Acquired,"United States",33.0
Paystack,Lagos,Finance,33,,2023-11-16,Acquired,Nigeria,10.0
Paytm,Noida,Finance,1000,,2023-12-25,Unknown,India,
Paytm,Noida,Finance,3500,,2024-06-10,Subsidiary,India,
"Pear Therapeutics",Boston,Healthcare,170,0.92,2023-04-07,Post-IPO,"United States",409.0
"Pecan AI","Tel Aviv",Data,30,0.25,2023-01-05,"Series C",Israel,116.0
Pegasystems,Boston,HR,240,0.04,2023-08-31,Post-IPO,"United States",
Pegasystems,Boston,HR,245,0.04,2023-01-03,Post-IPO,"United States",
Peloton,"New York City",Fitness,11,,2023-07-13,Post-IPO,"United States",1900.0
Peloton,"New York City",Fitness,400,0.15,2024-05-02,Post-IPO,"United States",1900.0
Pendo,Raleigh,Product,100,0.12,2023-06-12,"Series F","United States",469.0
"Perfect Day","SF Bay Area",Food,134,0.15,2023-07-06,"Series D","United States",711.0
Perion,"Tel Aviv",Marketing,35,0.05,2024-06-25,Post-IPO,Israel,76.0
Permutive,London,Marketing,80,0.4,2023-04-11,"Series C","United Kingdom",105.0
Personetics,"New York City",Support,30,0.08,2023-01-05,"Private Equity","United States",178.0
Personio,Munich,HR,100,,2024-01-24,"Series E",Germany,724.0
Personio,Munich,HR,115,0.06,2024-11-07,"Series E",Germany,724.0
PetLove,"Sao Paulo",Retail,94,,2023-02-13,"Series C",Brazil,225.0
"Phantom Auto","SF Bay Area",Transportation,100,1.0,2024-03-12,Unknown,"United States",86.0
Philips,Amsterdam,Healthcare,6000,0.13,2023-01-30,Post-IPO,Netherlands,
"Physics Wallah",Noida,Education,120,0.01,2023-11-19,"Series A",India,100.0
"Pico Interactive","SF Bay Area",Other,400,0.2,2023-02-16,Acquired,"United States",62.0
"Pie Insurance","Washington D.C.",Finance,63,0.14,2023-05-18,"Series D","United States",621.0
Pier,"Sao Paulo",Finance,111,0.39,2023-01-12,"Series B",Brazil,42.0
Pilot,"SF Bay Area",Finance,45,0.13,2023-06-16,Unknown,"United States",116.0
Pinterest,"SF Bay Area",Consumer,150,,2023-02-01,Post-IPO,"United States",1500.0
Pitch,Berlin,Other,80,0.67,2024-01-08,"Series B",Germany,138.0
Placer.ai,"SF Bay Area",Data,150,0.18,2025-01-29,Unknown,"United States",267.0
Planet,"SF Bay Area",Aerospace,117,0.1,2023-08-01,Post-IPO,"United States",574.0
Planet,"SF Bay Area",Aerospace,180,0.17,2024-06-26,Post-IPO,"United States",574.0
Playtika,"Tel Aviv",Consumer,300,0.1,2024-01-11,Post-IPO,Israel,
Plex,"SF Bay Area",Media,37,0.2,2023-06-28,Unknown,"United States",81.0
Plume,Denver,Healthcare,24,,2023-10-18,"Series B","United States",38.0
"Pocket Aces",Mumbai,Media,50,0.25,2023-02-06,Unknown,India,19.0
"Pocket FM",Bengaluru,Media,75,,2025-01-16,"Series D",India,212.0
"Pocket FM",Bengaluru,Media,200,,2024-07-27,"Series D",India,212.0
Point,"SF Bay Area","Real Estate",61,0.28,2023-07-27,"Series C","United States",149.0
Polygon,Bengaluru,Crypto,100,0.2,2023-02-21,Unknown,India,451.0
Polygon,"Cayman Islands",Crypto,60,0.19,2024-02-01,Unknown,"Cayman Islands",451.0
Poppulo,Denver,HR,85,,2023-04-27,Acquired,"United States",30.0
Practo,Bengaluru,Healthcare,41,,2023-04-08,"Series D",India,222.0
PrepLadder,"New Delhi",Education,145,0.25,2024-05-08,Acquired,India,
Priceline,Norwalk,Travel,103,0.07,2024-06-28,Acquired,"United States",77.0
"Pristyn Care",Gurugram,Healthcare,120,0.07,2024-03-01,"Series E",India,177.0
"Pristyn Care",Gurugram,Healthcare,300,0.15,2023-03-07,"Series E",India,177.0
"Project Ronin","SF Bay Area",Healthcare,150,1.0,2024-03-01,Unknown,"United States",
Project44,Chicago,Logistics,116,,2023-09-14,Unknown,"United States",817.0
Project44,Chicago,Logistics,130,0.1,2023-05-26,Unknown,"United States",817.0
Proofpoint,"SF Bay Area",Security,280,0.06,2024-01-31,Acquired,"United States",885.0
PropertyGuru,Singapore,"Real Estate",79,,2024-02-27,Post-IPO,Singapore,676.0
Proterra,"SF Bay Area",Transportation,300,,2023-01-19,Post-IPO,"United States",1200.0
"Protocol Labs","SF Bay Area",Crypto,89,0.2,2023-02-03,Unknown,"United States",10.0
PubMatic,"SF Bay Area",Marketing,12,0.01,2024-10-07,Post-IPO,"United States",63.0
"Pure Storage","SF Bay Area",Data,275,,2024-02-08,Post-IPO,"United States",529.0
Qoala,Jakarta,Finance,80,,2023-07-31,"Series B",Indonesia,89.0
Qomplx,"Washington D.C.",AI,60,,2023-08-04,"Series A","United States",107.0
Qualcomm,Haifa,Hardware,30,,2023-05-23,Post-IPO,Israel,
Qualcomm,"San Diego",Hardware,1258,0.02,2023-10-12,Post-IPO,"United States",
Qualcomm,"SF Bay Area",Hardware,84,,2023-06-16,Post-IPO,"United States",
Qualtrics,"Salt Lake City",Other,270,0.05,2023-01-11,Post-IPO,"United States",400.0
Qualtrics,"Salt Lake City",Other,780,0.14,2023-10-04,Acquired,"United States",400.0
Rackspace,"San Antonio",Data,275,,2023-03-27,Acquired,"United States",17.0
"Rad Power Bikes",Seattle,Transportation,40,,2023-07-10,"Series D","United States",329.0
Rapid,"SF Bay Area",Finance,70,0.3,2023-04-25,"Series D","United States",272.0
Rapid,"SF Bay Area",Finance,115,0.5,2023-04-25,"Series D","United States",272.0
Rapid7,Boston,Security,470,0.18,2023-08-08,Post-IPO,"United States",89.0
Rapyd,"Tel Aviv",Finance,30,,2024-06-18,Unknown,Israel,770.0
RealPage,Dallas,"Real Estate",260,0.04,2024-06-27,Acquired,"United States",105.0
"Rebellion Defense","Washington D.C.",Data,90,,2023-04-27,"Series B","United States",150.0
"Red Hat",Raleigh,Other,760,0.04,2023-04-24,Acquired,"United States",
Redbox,Chicago,Media,1000,1.0,2024-07-10,Acquired,"United States",51.0
Redbubble,Melbourne,Retail,70,0.23,2023-05-10,Post-IPO,Australia,55.0
Reddit,"SF Bay Area",Consumer,90,0.05,2023-06-06,"Series F","United States",1300.0
"Redesign Health","New York City",Healthcare,77,,2024-02-13,Unknown,"United States",315.0
"Redesign Health","New York City",Healthcare,77,,2024-02-23,"Series C","United States",315.0
Redfin,Seattle,"Real Estate",46,,2025-01-09,Post-IPO,"United States",320.0
Redfin,Seattle,"Real Estate",82,0.02,2024-08-22,Post-IPO,"United States",320.0
Redfin,Seattle,"Real Estate",201,0.04,2023-04-11,Post-IPO,"United States",320.0
Redfin,Seattle,"Real Estate",450,,2025-02-12,Post-IPO,"United States",320.0
"REE Automotive","Tel Aviv",Transportation,31,0.11,2023-02-09,Post-IPO,Israel,317.0
Relevel,Bengaluru,HR,40,0.2,2023-01-10,,India,
"Reliance JioMart",Mumbai,Food,1000,,2023-05-23,Subsidiary,India,
"Rent the Runway","New York City",Retail,37,0.1,2024-01-09,Post-IPO,"United States",526.0
Replit,"SF Bay Area",Product,30,0.2,2024-05-16,Unknown,"United States",222.0
Retention.com,Austin,Marketing,15,,2024-08-16,Unknown,"United States",
Revel,"New York City",Transportation,1000,,2024-06-06,Unknown,"United States",214.0
Reverb,Chicago,Retail,40,,2024-09-20,Acquired,"United States",47.0
RingCentral,"SF Bay Area",Other,30,,2023-01-17,Post-IPO,"United States",44.0
"Riot Games","Los Angeles",Consumer,46,,2023-01-19,Acquired,"United States",21.0
"Riot Games","Los Angeles",Consumer,530,0.11,2024-01-22,Acquired,"United States",21.0
RiseUp,"Tel Aviv",Finance,50,0.5,2024-04-30,"Series B",Israel,30.0
Riskified,"New York City",Retail,40,0.06,2024-02-13,Post-IPO,"United States",229.0
Ritual,Toronto,Food,38,0.4,2023-06-21,"Series C",Canada,134.0
Rivian,Detroit,Transportation,20,,2023-12-07,Post-IPO,"United States",10700.0
Rivian,"Los Angeles",Transportation,120,,2024-05-10,Post-IPO,"United States",10700.0
Rivian,"Los Angeles",Transportation,150,,2024-05-03,Post-IPO,"United States",10700.0
Rivos,"SF Bay Area",Hardware,24,0.06,2023-08-23,Unknown,"United States",
Robinhood,"SF Bay Area",Finance,150,0.07,2023-06-26,Post-IPO,"United States",5600.0
Roblox,"New York City",Consumer,30,,2023-09-22,Post-IPO,"United States",857.0
"Roblox China",Shenzen,Consumer,15,,2023-10-23,Subsidiary,China,
Roku,"SF Bay Area",Media,200,0.06,2023-03-30,Post-IPO,"United States",208.0
Roku,"SF Bay Area",Media,360,0.1,2023-09-06,Post-IPO,"United States",208.0
Ruggable,"Los Angeles",Retail,100,,2023-01-27,Seed,"United States",
Runtastic,Linz,Fitness,70,0.28,2023-03-16,Acquired,Austria,
Runtastic,Linz,Fitness,170,,2024-09-16,Acquired,Austria,
Sabre,Dallas,Travel,1100,0.15,2023-05-04,Post-IPO,"United States",1700.0
"Sage Therapeutics copy",Boston,Healthcare,290,,2023-09-15,Post-IPO,"United States",438.0
Saks.com,"New York City",Retail,100,0.05,2023-01-19,Unknown,"United States",965.0
Salesforce,Dublin,Sales,50,,2023-08-02,Post-IPO,Ireland,65.0
Salesforce,"SF Bay Area",Sales,300,,2024-07-15,Post-IPO,"United States",65.0
Salesforce,"SF Bay Area",Sales,700,0.01,2024-01-26,Post-IPO,"United States",65.0
Salesforce,"SF Bay Area",Sales,1000,0.01,2025-02-03,Post-IPO,"United States",65.0
Salesforce,"SF Bay Area",Sales,8000,0.1,2023-01-04,Post-IPO,"United States",65.0
Salesloft,Atlanta,Sales,100,0.1,2023-02-07,Acquired,"United States",245.0
Salsify,Boston,Retail,110,,2023-10-25,Unknown,"United States",453.0
Samsung,"SF Bay Area",Hardware,30,,2023-03-14,Post-IPO,"United States",
"Sana Benefits",Austin,HR,73,0.5,2023-11-01,"Series B","United States",106.0
SAP,Walldorf,Other,3000,0.03,2023-01-26,Post-IPO,Germany,1300.0
SAP,Walldorf,Other,8000,0.07,2024-01-23,Post-IPO,Germany,1300.0
"SAP Labs",Bengaluru,Other,300,,2023-02-24,Subsidiary,India,1300.0
Sarcos,Pittsburgh,Aerospace,150,,2023-11-14,Post-IPO,"United States",316.0
Sarcos,"Salt Lake City",Aerospace,75,0.25,2023-07-17,Post-IPO,"United States",316.0
SAS,Raleigh,Data,250,,2023-05-01,Unknown,"United States",
Satellogic,Montevideo,Aerospace,34,0.13,2024-05-24,Post-IPO,Uruguay,424.0
Satellogic,Montevideo,Aerospace,70,0.3,2024-06-14,Post-IPO,Uruguay,424.0
Scaler,Bengaluru,Education,150,,2024-04-10,"Series B",India,55.0
SchoolMint,"SF Bay Area",Education,29,0.14,2023-10-05,Acquired,"United States",8.0
"Science 37","Los Angeles",Healthcare,140,,2023-04-12,Post-IPO,"United States",347.0
"Scribe Media",Austin,Marketing,90,1.0,2023-05-04,Unknown,"United States",
Seagate,"SF Bay Area",Hardware,480,,2023-03-29,Post-IPO,"United States",
SeatGeek,"New York City",Consumer,150,0.15,2025-02-20,"Series E","United States",400.0
SecureWorks,Atlanta,Security,212,0.09,2023-02-07,Post-IPO,"United States",83.0
SecureWorks,Atlanta,Security,300,0.15,2023-08-14,Post-IPO,"United States",83.0
Seedr,London,Finance,15,,2024-01-23,Acquired,"United Kingdom",28.0
SeekOut,Seattle,Recruiting,16,0.07,2023-10-05,"Series C","United States",
Selina,London,Travel,350,,2023-06-27,Post-IPO,"United Kingdom",612.0
ServiceTitan,"Los Angeles",Sales,221,0.08,2023-02-15,"Series G","United States",1100.0
Shakepay,Montreal,Crypto,21,0.25,2023-01-27,"Series A",Canada,45.0
ShareChat,Bengaluru,Consumer,200,0.15,2023-12-20,"Series H",India,1700.0
ShareChat,Bengaluru,Consumer,500,0.2,2023-01-16,"Series H",India,1700.0
ShareChat,Bengaluru,Marketing,27,0.05,2025-01-15,"Series D",India,222.0
ShareChat,Bengaluru,Marketing,30,0.05,2024-08-03,"Series D",India,222.0
ShareFile,Raleigh,Other,199,,2024-11-07,Acquired,"United States",
Shein,Singapore,Retail,17,,2024-09-30,"Private Equity",Singapore,4100.0
"SHINE Technologies",Milwaukee,Other,59,,2023-08-10,"Series C","United States",672.0
ShopBack,Singapore,Retail,195,0.24,2024-03-19,"Series F",Singapore,355.0
Shopee,Jakarta,Food,200,,2023-03-09,Unknown,Indonesia,
Shopify,Ottawa,Retail,2300,0.2,2023-05-04,Post-IPO,Canada,122.0
Showpad,Ghent,Marketing,50,0.1,2024-04-18,"Series D",Belgium,159.0
Shutterfly,Minneapolis,Manufacturing,246,,2023-08-10,Post-IPO,"United States",50.0
Shutterfly,"SF Bay Area",Retail,360,,2023-01-25,Acquired,"United States",50.0
"Sierra Space",Boulder,Aerospace,115,,2023-11-16,"Series B","United States",1700.0
SiFive,"SF Bay Area",Hardware,130,0.2,2023-10-24,"Series F","United States",365.0
"Sight Diagnostics","Tel Aviv",Healthcare,40,0.3,2024-05-09,"Series D",Israel,124.0
Sightful,"Tel Aviv",Hardware,20,0.33,2024-07-01,Unknown,Israel,61.0
Similarweb,"New York City",Other,60,0.06,2023-05-10,Post-IPO,"United States",235.0
Simpl,Bengaluru,Finance,30,,2024-06-06,"Series B",India,72.0
Simpl,Bengaluru,Finance,100,0.15,2024-05-08,"Series B",India,72.0
Simpl,Bengaluru,Finance,150,0.25,2023-04-09,"Series B",India,71.0
Simplilearn,Bengaluru,Education,200,,2023-12-07,Acquired,India,76.0
"Singularity 6","Los Angeles",Other,36,,2024-05-15,"Series B","United States",49.0
"Singularity 6","Los Angeles",Other,49,0.35,2024-04-08,"Series B","United States",49.0
SirionLabs,Seattle,Legal,130,0.15,2023-01-25,"Series D","United States",171.0
SiriusXM,"New York City",Media,160,0.03,2024-02-12,Post-IPO,"United States",525.0
SiriusXM,"New York City",Media,475,0.08,2023-03-06,Post-IPO,"United States",525.0
Sirplus,Berlin,Food,60,,2024-01-17,Seed,Germany,
Sisense,"New York City",Data,60,0.13,2024-01-11,"Series F","United States",274.0
Sisense,"New York City",Data,100,0.15,2023-07-11,"Series F","United States",274.0
Skai,"Tel Aviv",Marketing,80,0.14,2024-12-03,"Series E",Israel,60.0
"Skill Lync",Chennai,Education,200,,2023-07-13,"Series A",India,17.0
"Skill Lync",Chennai,Education,400,,2023-04-25,"Series A",India,17.0
"Skip the Dishes",Winnipeg,Food,800,,2024-08-20,Acquired,Canada,8.0
Skit.ai,Bengaluru,Support,115,,2023-01-12,"Series B",India,28.0
"Skybox Security","SF Bay Area",Security,300,1.0,2025-02-24,"Private Equity","United States",335.0
SkyKick,Seattle,Other,140,,2023-08-30,Unknown,"United States",198.0
Slickdeals,"Las Vegas",Retail,79,0.33,2023-05-12,Unknown,"United States",
Slite,Paris,Other,10,0.25,2023-03-23,"Series A",France,15.0
